{"cameraMode":{"drawMode":0,"name":"Shaded","section":"Shading Mode"},"sceneLighting":true,"audioPlay":false,"sceneViewState":{"m_AlwaysRefresh":false,"showFog":true,"showSkybox":true,"showFlares":true,"showImageEffects":true,"showParticleSystems":true,"showVisualEffectGraphs":true,"m_FxEnabled":true},"in2DMode":false,"pivot":{"x":105.61322021484375,"y":96.59911346435547,"z":-131.8753662109375},"rotation":{"x":0.20877103507518769,"y":-0.28280535340309145,"z":0.06321031600236893,"w":0.9340468049049377},"size":8.360572814941407,"orthographic":true}