{"cameraMode":{"drawMode":0,"name":"Shaded","section":"Shading Mode"},"sceneLighting":true,"audioPlay":false,"sceneViewState":{"m_AlwaysRefresh":false,"showFog":true,"showSkybox":true,"showFlares":true,"showImageEffects":true,"showParticleSystems":true,"showVisualEffectGraphs":true,"m_FxEnabled":true},"in2DMode":false,"pivot":{"x":10.194108963012696,"y":0.5449497699737549,"z":-7.876646995544434},"rotation":{"x":-0.010056253522634507,"y":0.989922285079956,"z":-0.1031341701745987,"w":-0.09652362018823624},"size":3.2785305976867677,"orthographic":false}