{"cameraMode":{"drawMode":0,"name":"Shaded","section":"Shading Mode"},"sceneLighting":true,"audioPlay":false,"sceneViewState":{"m_AlwaysRefresh":false,"showFog":true,"showSkybox":true,"showFlares":true,"showImageEffects":true,"showParticleSystems":true,"showVisualEffectGraphs":true,"m_FxEnabled":true},"in2DMode":false,"pivot":{"x":7.058374404907227,"y":0.7410136461257935,"z":-7.879646301269531},"rotation":{"x":-0.020562022924423219,"y":0.9704245924949646,"z":-0.08934543281793595,"w":-0.22333131730556489},"size":4.538516998291016,"orthographic":false}