{"cameraMode":{"drawMode":0,"name":"Shaded","section":"Shading Mode"},"sceneLighting":true,"audioPlay":false,"sceneViewState":{"m_AlwaysRefresh":false,"showFog":true,"showSkybox":true,"showFlares":true,"showImageEffects":true,"showParticleSystems":true,"showVisualEffectGraphs":true,"m_FxEnabled":true},"in2DMode":false,"pivot":{"x":34.924842834472659,"y":-92.45150756835938,"z":213.0140838623047},"rotation":{"x":0.20737242698669434,"y":0.044594112783670428,"z":-0.009452397003769875,"w":0.9772389531135559},"size":132.01388549804688,"orthographic":false}