{"cameraMode":{"drawMode":0,"name":"Shaded","section":"Shading Mode"},"sceneLighting":true,"audioPlay":false,"sceneViewState":{"m_AlwaysRefresh":false,"showFog":true,"showSkybox":true,"showFlares":true,"showImageEffects":true,"showParticleSystems":true,"showVisualEffectGraphs":true,"m_FxEnabled":true},"in2DMode":false,"pivot":{"x":10.334672927856446,"y":0.35003554821014407,"z":-29.278430938720704},"rotation":{"x":0.0006871667574159801,"y":-0.999066948890686,"z":0.04079366475343704,"w":0.01679030992090702},"size":14.668938636779786,"orthographic":false}